{"^GSPC":{"earning":0.0963213203,"risk":0.1670014884,"sharpe_ratio":0.4612802892},"JPM":{"earning":0.1565694123,"risk":0.2332733848,"sharpe_ratio":0.4924322608},"ORCL":{"earning":0.1492572174,"risk":0.2245936642,"sharpe_ratio":0.5449949492},"MSFT":{"earning":0.1817594764,"risk":0.2766580558,"sharpe_ratio":0.6445792612},"T":{"earning":0.1061199724,"risk":0.2101282702,"sharpe_ratio":0.4217189601},"NKE":{"earning":0.1485118411,"risk":0.2579692985,"sharpe_ratio":0.5142195512},"NFLX":{"earning":0.6414491603,"risk":1.1083143067,"sharpe_ratio":0.808040871},"CL=F":{"earning":0.0861057119,"risk":0.3327963599,"sharpe_ratio":0.2615288388},"ESS":{"earning":0.1424883665,"risk":0.2363390539,"sharpe_ratio":0.5063928837},"BAC":{"earning":0.0933307558,"risk":0.3693622983,"sharpe_ratio":0.2471354089},"XOM":{"earning":0.113197855,"risk":0.2618429793,"sharpe_ratio":0.408129348},"EBAY":{"earning":0.1720611731,"risk":0.3790981135,"sharpe_ratio":0.4554536404},"TTWO":{"earning":0.1861940557,"risk":0.3936205,"sharpe_ratio":0.4556106758},"UNH":{"earning":0.1937837992,"risk":0.238761523,"sharpe_ratio":0.5880195594},"AAPL":{"earning":0.4643913562,"risk":0.6052015647,"sharpe_ratio":1.0507192488}}